timestamp,time_s,throughput_Mbps,jitter_ms,loss,delay_ms
1777650894.2812307,3.0,0.004,0,0,0.135
1777650894.382053,3.1,6.887,0.284,1,0.464
1777650894.4828424,3.2,7.001,0.036,0,0.135
1777650894.5836995,3.3,6.996,0.045,0,0.139
1777650894.68459,3.4,6.994,0.058,0,0.129
1777650894.7853813,3.5,7.001,0.058,0,0.127
1777650894.8864133,3.6,6.984,0.057,0,0.126
1777650894.986908,3.7,7.022,0.041,0,0.099
1777650895.0875618,3.8,7.009,0.055,0,0.125
1777650895.188431,3.9,6.996,0.044,0,0.112
1777650895.2892,4.0,7.002,0.039,0,0.124
1777650895.3900046,4.1,7.0,0.051,0,0.118
1777650895.4909632,4.2,6.768,0.04,2,0.115
1777650895.591641,4.3,7.008,0.037,0,0.083
1777650895.6926444,4.4,6.877,0.091,1,0.152
1777650895.7933204,4.5,7.008,0.036,0,0.131
1777650895.8941352,4.6,6.998,0.06,0,0.107
1777650895.9948368,4.7,7.007,0.053,0,0.112
1777650896.0955641,4.8,6.892,0.036,1,0.103
1777650896.1965091,4.9,6.991,0.035,0,0.092
1777650896.2972105,5.0,6.895,0.049,1,0.121
1777650896.3975842,5.1,6.137,0.252,0,1.451
1777650896.4981003,5.2,4.569,0.983,0,34.361
1777650896.5987837,5.3,5.673,0.606,1,56.103
1777650896.699529,5.4,5.781,0.62,0,73.872
1777650896.8011324,5.5,5.732,0.625,0,91.398
1777650896.9025507,5.6,5.742,0.76,0,109.973
1777650897.0041044,5.7,5.624,0.646,0,129.461
1777650897.1045659,5.8,7.582,0.534,1,140.329
1777650897.205992,5.9,7.177,0.541,0,120.922
1777650897.3075206,6.0,4.965,0.828,0,137.091
1777650897.407857,6.1,4.353,1.043,0,178.127
1777650897.5083003,6.2,7.695,2.249,0,152.523
1777650897.6098363,6.3,3.971,1.177,1,87.495
1777650897.711282,6.4,5.52,0.663,0,120.026
1777650897.8117006,6.5,5.912,0.596,0,138.799
1777650897.9143925,6.6,9.272,0.489,1,125.025
1777650898.0160084,6.7,4.077,1.342,0,132.224
1777650898.1162918,6.8,5.472,0.695,0,167.589
1777650898.2385845,7.0,3.755,1.798,0,176.703
1777650898.338905,7.1,6.81,2.102,0,140.014
1777650898.4404526,7.2,7.169,0.556,0,128.083
1777650898.542035,7.3,5.734,0.636,0,142.846
1777650898.6424515,7.4,5.911,0.717,0,165.652
1777650898.7555513,7.5,3.169,2.217,0,174.561
1777650898.85578,7.6,6.704,2.093,0,139.704
1777650898.9562054,7.7,6.803,0.584,0,131.738
1777650899.05654,7.8,5.693,0.633,0,148.42
1777650899.156912,7.9,6.249,0.679,0,166.48
1777650899.2585323,8.0,3.417,4.988,0,147.072
1777650899.3588157,8.1,5.695,0.717,0,141.643
1777650899.4593093,8.2,7.692,0.579,0,135.516
1777650899.5595992,8.3,3.462,3.749,1,133.126
1777650899.6600082,8.4,6.581,0.619,0,134.335
1777650899.7614787,8.5,5.629,0.659,0,146.703
1777650899.8618343,8.6,5.692,0.607,1,164.452
1777650899.9633477,8.7,4.854,3.113,0,151.99
1777650900.0660272,8.8,5.126,0.78,0,125.927
1777650900.1664991,8.9,7.692,0.677,0,147.133
1777650900.2667918,9.0,3.686,3.771,0,134.754
1777650900.3682778,9.1,5.738,0.651,0,125.677
1777650900.4686098,9.2,6.586,0.568,0,133.202
1777650900.5701964,9.3,5.733,0.631,0,149.899
1777650900.6705568,9.4,6.25,0.606,0,168.138
1777650900.7709675,9.5,3.904,4.269,0,130.829
1777650900.8713248,9.6,5.133,0.86,0,146.034
1777650901.0017161,9.7,5.928,1.012,1,138.903
1777650901.1021004,9.8,5.801,1.758,0,115.395
1777650901.2024736,9.9,6.138,0.602,0,129.624
1777650901.3039453,10.0,5.739,0.627,0,145.315
1777650901.4057465,10.1,5.391,0.688,1,162.786
1777650901.5081959,10.2,4.81,3.4,0,154.042
1777650901.608513,10.3,4.8,0.881,0,139.752
1777650901.7101731,10.4,8.154,0.5,0,138.419
1777650901.8115819,10.5,4.086,3.056,0,122.366
1777650901.9119477,10.6,6.026,0.615,0,126.444
1777650902.012334,10.7,5.691,0.639,0,141.172
1777650902.1138945,10.8,5.734,0.646,0,159.35
1777650902.214317,10.9,5.353,2.75,0,159.251
1777650902.315828,11.0,4.082,1.143,0,126.033
1777650902.416174,11.1,7.589,0.537,1,148.454
1777650902.516571,11.2,4.463,3.001,0,133.455
1777650902.6181083,11.3,5.736,0.603,0,117.785
1777650902.718484,11.4,6.026,0.615,1,132.311
1777650902.820006,11.5,5.736,0.66,0,148.479
1777650902.920378,11.6,5.915,0.678,0,168.063
1777650903.0218487,11.7,4.083,3.904,0,138.507
1777650903.1223118,11.8,5.241,0.762,1,143.852
1777650903.2226672,11.9,7.924,0.501,1,137.9
1777650903.324199,12.0,4.192,2.847,0,127.872
1777650903.4245622,12.1,6.026,0.635,0,130.613
1777650903.5260603,12.2,5.738,0.648,0,145.28
1777650903.6276124,12.3,5.735,0.619,0,163.664
1777650903.7280784,12.4,5.017,2.925,0,147.148
1777650903.8295183,12.5,4.748,0.911,0,134.295
1777650903.9298599,12.6,7.367,0.537,0,149.935
1777650904.0302434,12.8,4.24,3.306,0,138.466
1777650904.1306381,12.9,5.69,0.619,0,120.468
1777650904.2310154,13.0,6.025,0.626,1,135.381
1777650904.3313675,13.1,5.692,0.636,0,151.611
1777650904.4316955,13.2,6.14,0.665,0,171.595
1777650904.5321646,13.3,3.567,4.453,0,128.009
1777650904.632563,13.4,5.69,0.641,0,144.003
1777650904.732925,13.5,7.811,0.512,0,141.676
1777650904.8344333,13.6,3.972,3.497,0,127.609
1777650904.9347787,13.7,5.915,0.676,1,130.87
1777650905.0352612,13.8,5.685,1.196,0,147.946
1777650905.1366975,13.9,5.742,0.625,0,163.964
1777650905.2371945,14.0,4.792,3.133,0,149.158
1777650905.337441,14.1,5.028,0.808,0,134.261
1777650905.4379044,14.2,7.471,0.522,0,147.233
1777650905.5533392,14.3,4.366,1.279,1,141.663
1777650905.6535933,14.4,5.585,1.749,0,128.72
1777650905.7551646,14.5,6.176,0.612,0,142.294
1777650905.8566494,14.6,5.738,0.623,0,160.538
1777650905.9570522,14.7,5.243,2.704,1,158.154
1777650906.0585258,14.8,4.746,0.911,0,124.902
1777650906.1589403,14.9,5.911,0.629,0,145.831
1777650906.2593443,15.0,7.363,0.53,0,143.003
1777650906.3608463,15.1,3.972,3.245,0,130.469
1777650906.462347,15.2,6.069,0.656,0,136.268
1777650906.56389,15.3,5.736,0.824,0,151.17
1777650906.6642268,15.4,5.246,0.752,0,170.235
1777650906.7648156,15.5,9.242,1.543,0,97.455
1777650906.8651237,15.6,9.714,0.447,0,43.839
1777650906.9655206,15.7,8.702,0.328,0,8.614
1777650907.066224,15.8,6.895,0.044,1,0.109
1777650907.1672008,15.9,6.988,0.049,0,0.113
1777650907.2679076,16.0,7.006,0.069,0,0.141
1777650907.368652,16.1,7.004,0.047,0,0.124
1777650907.4694514,16.2,7.0,0.044,0,0.137
1777650907.5703294,16.3,6.995,0.049,0,0.126
1777650907.6711507,16.4,6.999,0.068,0,0.134
1777650907.771962,16.5,6.999,0.059,0,0.152
1777650907.872629,16.6,7.01,0.067,0,0.137
1777650907.9733405,16.7,7.006,0.049,0,0.12
1777650908.0741467,16.8,6.999,0.042,0,0.109
1777650908.174952,16.9,7.0,0.056,0,0.127
1777650908.2757926,17.0,6.997,0.048,0,0.139
